#,priority,name,phone,types,address,rating,reviews,source,status,notes,whatsapp_message
1,⚡ Warm,Dreamfield Juice & Salad Bar,+2349060007683,Café,"17-19, Allen Avenue, Ikeja",,,openstreetmap,Not Contacted,,"Hi Dreamfield Juice & Salad Bar 👋

I noticed your restaurant doesn't have a website yet.

I built this demo for a Lagos restaurant:
👉 https://labella-lagos.netlify.app

I can build something like this for you — with your menu, your photos, and an online booking system.

Ready in 3 weeks. Interested?"
2,⚡ Warm,Amala Sky Lagos,+2348077776962,Restaurant,"Beside Fidelity Bank, Admiralty Way, LEKKI",,,openstreetmap,Not Contacted,,"Hi Amala Sky Lagos 👋

I noticed your restaurant doesn't have a website yet.

I built this demo for a Lagos restaurant:
👉 https://labella-lagos.netlify.app

I can build something like this for you — with your menu, your photos, and an online booking system.

Ready in 3 weeks. Interested?"
3,⚡ Warm,Spice And Grill,+2348036395555,Restaurant,"1, Olabisi Street, Ilupeju, Lagos",,,openstreetmap,Not Contacted,,"Hi Spice And Grill 👋

I noticed your restaurant doesn't have a website yet.

I built this demo for a Lagos restaurant:
👉 https://labella-lagos.netlify.app

I can build something like this for you — with your menu, your photos, and an online booking system.

Ready in 3 weeks. Interested?"
4,⚡ Warm,Chow Village,+2349135757038,Restaurant,"Km 48, Lekki - Epe Expy, opposite Blenco Supermarket, Eti-Osa, Sangotedo, Lagos",,,openstreetmap,Not Contacted,,"Hi Chow Village 👋

I noticed your restaurant doesn't have a website yet.

I built this demo for a Lagos restaurant:
👉 https://labella-lagos.netlify.app

I can build something like this for you — with your menu, your photos, and an online booking system.

Ready in 3 weeks. Interested?"
5,⚡ Warm,Bokku Mart,+2349164867254,Bakery,"34, Abule Okuta Road, Lagos",,,openstreetmap,Not Contacted,,"Hi Bokku Mart 👋

I noticed your restaurant doesn't have a website yet.

I built this demo for a Lagos restaurant:
👉 https://labella-lagos.netlify.app

I can build something like this for you — with your menu, your photos, and an online booking system.

Ready in 3 weeks. Interested?"
6,⚡ Warm,Kachi’S Kitchen,+2349126000026,Restaurant,"1E, Babatope Bejide Crescent, lekki",,,openstreetmap,Not Contacted,,"Hi Kachi’S Kitchen 👋

I noticed your restaurant doesn't have a website yet.

I built this demo for a Lagos restaurant:
👉 https://labella-lagos.netlify.app

I can build something like this for you — with your menu, your photos, and an online booking system.

Ready in 3 weeks. Interested?"
7,⚡ Warm,The Mayfair Lagos,+2349135576891,Restaurant,"19B, Sinari Daranijo Street, Lagos",,,openstreetmap,Not Contacted,,"Hi The Mayfair Lagos 👋

I noticed your restaurant doesn't have a website yet.

I built this demo for a Lagos restaurant:
👉 https://labella-lagos.netlify.app

I can build something like this for you — with your menu, your photos, and an online booking system.

Ready in 3 weeks. Interested?"
8,⚡ Warm,The Mania House,+2348144258984,Restaurant,"25, Gafari Animashaun Street, Lagos",,,openstreetmap,Not Contacted,,"Hi The Mania House 👋

I noticed your restaurant doesn't have a website yet.

I built this demo for a Lagos restaurant:
👉 https://labella-lagos.netlify.app

I can build something like this for you — with your menu, your photos, and an online booking system.

Ready in 3 weeks. Interested?"
9,⚡ Warm,Purple Jasmine Cafe,+2348148247243,Café,"97, Awolowo Road, Lagos",,,openstreetmap,Not Contacted,,"Hi Purple Jasmine Cafe 👋

I noticed your restaurant doesn't have a website yet.

I built this demo for a Lagos restaurant:
👉 https://labella-lagos.netlify.app

I can build something like this for you — with your menu, your photos, and an online booking system.

Ready in 3 weeks. Interested?"
10,⚡ Warm,Leila Restaurant Lagos,+2348035791444,Restaurant,"864a Bishop Aboyade St, Victoria Island, Lagos 106104, Lagos",,,openstreetmap,Not Contacted,,"Hi Leila Restaurant Lagos 👋

I noticed your restaurant doesn't have a website yet.

I built this demo for a Lagos restaurant:
👉 https://labella-lagos.netlify.app

I can build something like this for you — with your menu, your photos, and an online booking system.

Ready in 3 weeks. Interested?"
11,⚡ Warm,Ghana High,+2348166399027,Restaurant,"34, McCarthy Street, Lagos",,,openstreetmap,Not Contacted,,"Hi Ghana High 👋

I noticed your restaurant doesn't have a website yet.

I built this demo for a Lagos restaurant:
👉 https://labella-lagos.netlify.app

I can build something like this for you — with your menu, your photos, and an online booking system.

Ready in 3 weeks. Interested?"
12,⚡ Warm,Hua Han,+2349098677777,Restaurant,"45c, Sobo Arobiodu Street, Lagos",,,openstreetmap,Not Contacted,,"Hi Hua Han 👋

I noticed your restaurant doesn't have a website yet.

I built this demo for a Lagos restaurant:
👉 https://labella-lagos.netlify.app

I can build something like this for you — with your menu, your photos, and an online booking system.

Ready in 3 weeks. Interested?"
13,⚡ Warm,Lokito Restaurant,+2349070949514,Restaurant,"Primewaterview Gardens II, Lekki",,,openstreetmap,Not Contacted,,"Hi Lokito Restaurant 👋

I noticed your restaurant doesn't have a website yet.

I built this demo for a Lagos restaurant:
👉 https://labella-lagos.netlify.app

I can build something like this for you — with your menu, your photos, and an online booking system.

Ready in 3 weeks. Interested?"
14,❄️ Cold,Mr Biggs,,Fast Food,Lagos,,,openstreetmap,Not Contacted,,"Hi Mr Biggs 👋

I noticed your restaurant doesn't have a website yet.

I built this demo for a Lagos restaurant:
👉 https://labella-lagos.netlify.app

I can build something like this for you — with your menu, your photos, and an online booking system.

Ready in 3 weeks. Interested?"
15,❄️ Cold,Meals On The Move,,Fast Food,Lagos,,,openstreetmap,Not Contacted,,"Hi Meals On The Move 👋

I noticed your restaurant doesn't have a website yet.

I built this demo for a Lagos restaurant:
👉 https://labella-lagos.netlify.app

I can build something like this for you — with your menu, your photos, and an online booking system.

Ready in 3 weeks. Interested?"
16,❄️ Cold,Mama Cass,,Restaurant,Lagos,,,openstreetmap,Not Contacted,,"Hi Mama Cass 👋

I noticed your restaurant doesn't have a website yet.

I built this demo for a Lagos restaurant:
👉 https://labella-lagos.netlify.app

I can build something like this for you — with your menu, your photos, and an online booking system.

Ready in 3 weeks. Interested?"
17,❄️ Cold,Tantalizers,,Fast Food,Lagos,,,openstreetmap,Not Contacted,,"Hi Tantalizers 👋

I noticed your restaurant doesn't have a website yet.

I built this demo for a Lagos restaurant:
👉 https://labella-lagos.netlify.app

I can build something like this for you — with your menu, your photos, and an online booking system.

Ready in 3 weeks. Interested?"
18,❄️ Cold,Cactus,,Restaurant,Lagos,,,openstreetmap,Not Contacted,,"Hi Cactus 👋

I noticed your restaurant doesn't have a website yet.

I built this demo for a Lagos restaurant:
👉 https://labella-lagos.netlify.app

I can build something like this for you — with your menu, your photos, and an online booking system.

Ready in 3 weeks. Interested?"
19,❄️ Cold,Mr. Bigs,,Restaurant,Lagos,,,openstreetmap,Not Contacted,,"Hi Mr. Bigs 👋

I noticed your restaurant doesn't have a website yet.

I built this demo for a Lagos restaurant:
👉 https://labella-lagos.netlify.app

I can build something like this for you — with your menu, your photos, and an online booking system.

Ready in 3 weeks. Interested?"
20,❄️ Cold,Kfc,,Fast Food,Lagos,,,openstreetmap,Not Contacted,,"Hi Kfc 👋

I noticed your restaurant doesn't have a website yet.

I built this demo for a Lagos restaurant:
👉 https://labella-lagos.netlify.app

I can build something like this for you — with your menu, your photos, and an online booking system.

Ready in 3 weeks. Interested?"
21,❄️ Cold,New China Restaurant,,Restaurant,Lagos,,,openstreetmap,Not Contacted,,"Hi New China Restaurant 👋

I noticed your restaurant doesn't have a website yet.

I built this demo for a Lagos restaurant:
👉 https://labella-lagos.netlify.app

I can build something like this for you — with your menu, your photos, and an online booking system.

Ready in 3 weeks. Interested?"
22,❄️ Cold,Fada Land,,Restaurant,Lagos,,,openstreetmap,Not Contacted,,"Hi Fada Land 👋

I noticed your restaurant doesn't have a website yet.

I built this demo for a Lagos restaurant:
👉 https://labella-lagos.netlify.app

I can build something like this for you — with your menu, your photos, and an online booking system.

Ready in 3 weeks. Interested?"
23,❄️ Cold,Bogobiri House Hotel And Restaurant,,Restaurant,Lagos,,,openstreetmap,Not Contacted,,"Hi Bogobiri House Hotel And Restaurant 👋

I noticed your restaurant doesn't have a website yet.

I built this demo for a Lagos restaurant:
👉 https://labella-lagos.netlify.app

I can build something like this for you — with your menu, your photos, and an online booking system.

Ready in 3 weeks. Interested?"
24,❄️ Cold,Fired Yam Joint,,Fast Food,Lagos,,,openstreetmap,Not Contacted,,"Hi Fired Yam Joint 👋

I noticed your restaurant doesn't have a website yet.

I built this demo for a Lagos restaurant:
👉 https://labella-lagos.netlify.app

I can build something like this for you — with your menu, your photos, and an online booking system.

Ready in 3 weeks. Interested?"
25,❄️ Cold,Beachland Club,,Restaurant,Lagos,,,openstreetmap,Not Contacted,,"Hi Beachland Club 👋

I noticed your restaurant doesn't have a website yet.

I built this demo for a Lagos restaurant:
👉 https://labella-lagos.netlify.app

I can build something like this for you — with your menu, your photos, and an online booking system.

Ready in 3 weeks. Interested?"
26,❄️ Cold,The Place,,Restaurant,"Admiralty Way, Lekki, Lagos",,,openstreetmap,Not Contacted,,"Hi The Place 👋

I noticed your restaurant doesn't have a website yet.

I built this demo for a Lagos restaurant:
👉 https://labella-lagos.netlify.app

I can build something like this for you — with your menu, your photos, and an online booking system.

Ready in 3 weeks. Interested?"
27,❄️ Cold,Ade Bread,,Bakery,"19, Sariyu Street, Lagos",,,openstreetmap,Not Contacted,,"Hi Ade Bread 👋

I noticed your restaurant doesn't have a website yet.

I built this demo for a Lagos restaurant:
👉 https://labella-lagos.netlify.app

I can build something like this for you — with your menu, your photos, and an online booking system.

Ready in 3 weeks. Interested?"
28,❄️ Cold,Domino'S,,Fast Food,Lagos,,,openstreetmap,Not Contacted,,"Hi Domino'S 👋

I noticed your restaurant doesn't have a website yet.

I built this demo for a Lagos restaurant:
👉 https://labella-lagos.netlify.app

I can build something like this for you — with your menu, your photos, and an online booking system.

Ready in 3 weeks. Interested?"
29,❄️ Cold,Restaurant La Provence,,Restaurant,"19, Glover Road, Lagos",,,openstreetmap,Not Contacted,,"Hi Restaurant La Provence 👋

I noticed your restaurant doesn't have a website yet.

I built this demo for a Lagos restaurant:
👉 https://labella-lagos.netlify.app

I can build something like this for you — with your menu, your photos, and an online booking system.

Ready in 3 weeks. Interested?"
30,❄️ Cold,Flaky'S Kitchen,,Restaurant,Lagos,,,openstreetmap,Not Contacted,,"Hi Flaky'S Kitchen 👋

I noticed your restaurant doesn't have a website yet.

I built this demo for a Lagos restaurant:
👉 https://labella-lagos.netlify.app

I can build something like this for you — with your menu, your photos, and an online booking system.

Ready in 3 weeks. Interested?"
31,❄️ Cold,Samantha'S / Kali Burger Bar / Village Grill,,Restaurant,Lagos,,,openstreetmap,Not Contacted,,"Hi Samantha'S / Kali Burger Bar / Village Grill 👋

I noticed your restaurant doesn't have a website yet.

I built this demo for a Lagos restaurant:
👉 https://labella-lagos.netlify.app

I can build something like this for you — with your menu, your photos, and an online booking system.

Ready in 3 weeks. Interested?"
32,❄️ Cold,Mrs. Makers Bakery,,Bakery,"2, Olawale Daudu Road, Lagos",,,openstreetmap,Not Contacted,,"Hi Mrs. Makers Bakery 👋

I noticed your restaurant doesn't have a website yet.

I built this demo for a Lagos restaurant:
👉 https://labella-lagos.netlify.app

I can build something like this for you — with your menu, your photos, and an online booking system.

Ready in 3 weeks. Interested?"
33,❄️ Cold,Juice Lounge,,Restaurant,Lagos,,,openstreetmap,Not Contacted,,"Hi Juice Lounge 👋

I noticed your restaurant doesn't have a website yet.

I built this demo for a Lagos restaurant:
👉 https://labella-lagos.netlify.app

I can build something like this for you — with your menu, your photos, and an online booking system.

Ready in 3 weeks. Interested?"
34,❄️ Cold,Cafeteria 1,,Café,Lagos,,,openstreetmap,Not Contacted,,"Hi Cafeteria 1 👋

I noticed your restaurant doesn't have a website yet.

I built this demo for a Lagos restaurant:
👉 https://labella-lagos.netlify.app

I can build something like this for you — with your menu, your photos, and an online booking system.

Ready in 3 weeks. Interested?"
35,❄️ Cold,Cafeteria 2,,Café,Lagos,,,openstreetmap,Not Contacted,,"Hi Cafeteria 2 👋

I noticed your restaurant doesn't have a website yet.

I built this demo for a Lagos restaurant:
👉 https://labella-lagos.netlify.app

I can build something like this for you — with your menu, your photos, and an online booking system.

Ready in 3 weeks. Interested?"
36,❄️ Cold,Talindo Steak House,,Restaurant,"7B, Karimu Kotun Street, Lagos",,,openstreetmap,Not Contacted,,"Hi Talindo Steak House 👋

I noticed your restaurant doesn't have a website yet.

I built this demo for a Lagos restaurant:
👉 https://labella-lagos.netlify.app

I can build something like this for you — with your menu, your photos, and an online booking system.

Ready in 3 weeks. Interested?"
37,❄️ Cold,Sultans Pizza & Fast Food,,Restaurant,"41, Ribadu Road, Lagos",,,openstreetmap,Not Contacted,,"Hi Sultans Pizza & Fast Food 👋

I noticed your restaurant doesn't have a website yet.

I built this demo for a Lagos restaurant:
👉 https://labella-lagos.netlify.app

I can build something like this for you — with your menu, your photos, and an online booking system.

Ready in 3 weeks. Interested?"
38,❄️ Cold,Banana Island Patisserie,,Restaurant,Lagos,,,openstreetmap,Not Contacted,,"Hi Banana Island Patisserie 👋

I noticed your restaurant doesn't have a website yet.

I built this demo for a Lagos restaurant:
👉 https://labella-lagos.netlify.app

I can build something like this for you — with your menu, your photos, and an online booking system.

Ready in 3 weeks. Interested?"
39,❄️ Cold,Chicken Republic,,Fast Food,Lagos,,,openstreetmap,Not Contacted,,"Hi Chicken Republic 👋

I noticed your restaurant doesn't have a website yet.

I built this demo for a Lagos restaurant:
👉 https://labella-lagos.netlify.app

I can build something like this for you — with your menu, your photos, and an online booking system.

Ready in 3 weeks. Interested?"
40,❄️ Cold,Glover Court Suya,,Restaurant,Lagos,,,openstreetmap,Not Contacted,,"Hi Glover Court Suya 👋

I noticed your restaurant doesn't have a website yet.

I built this demo for a Lagos restaurant:
👉 https://labella-lagos.netlify.app

I can build something like this for you — with your menu, your photos, and an online booking system.

Ready in 3 weeks. Interested?"
41,❄️ Cold,1415 Italian Restaurant,,Restaurant,Lagos,,,openstreetmap,Not Contacted,,"Hi 1415 Italian Restaurant 👋

I noticed your restaurant doesn't have a website yet.

I built this demo for a Lagos restaurant:
👉 https://labella-lagos.netlify.app

I can build something like this for you — with your menu, your photos, and an online booking system.

Ready in 3 weeks. Interested?"
42,❄️ Cold,Kuramo Sports Cafe,,Restaurant,Lagos,,,openstreetmap,Not Contacted,,"Hi Kuramo Sports Cafe 👋

I noticed your restaurant doesn't have a website yet.

I built this demo for a Lagos restaurant:
👉 https://labella-lagos.netlify.app

I can build something like this for you — with your menu, your photos, and an online booking system.

Ready in 3 weeks. Interested?"
43,❄️ Cold,The Sky Restaruant,,Restaurant,Lagos,,,openstreetmap,Not Contacted,,"Hi The Sky Restaruant 👋

I noticed your restaurant doesn't have a website yet.

I built this demo for a Lagos restaurant:
👉 https://labella-lagos.netlify.app

I can build something like this for you — with your menu, your photos, and an online booking system.

Ready in 3 weeks. Interested?"
44,❄️ Cold,Red Restaurant,,Restaurant,Lagos,,,openstreetmap,Not Contacted,,"Hi Red Restaurant 👋

I noticed your restaurant doesn't have a website yet.

I built this demo for a Lagos restaurant:
👉 https://labella-lagos.netlify.app

I can build something like this for you — with your menu, your photos, and an online booking system.

Ready in 3 weeks. Interested?"
45,❄️ Cold,Crossroads Tex-Mex,,Restaurant,Lagos,,,openstreetmap,Not Contacted,,"Hi Crossroads Tex-Mex 👋

I noticed your restaurant doesn't have a website yet.

I built this demo for a Lagos restaurant:
👉 https://labella-lagos.netlify.app

I can build something like this for you — with your menu, your photos, and an online booking system.

Ready in 3 weeks. Interested?"
46,❄️ Cold,Lagoon Restaurant,,Restaurant,Lagos,,,openstreetmap,Not Contacted,,"Hi Lagoon Restaurant 👋

I noticed your restaurant doesn't have a website yet.

I built this demo for a Lagos restaurant:
👉 https://labella-lagos.netlify.app

I can build something like this for you — with your menu, your photos, and an online booking system.

Ready in 3 weeks. Interested?"
47,❄️ Cold,Marcelino'S Pastry Shop,,Restaurant,Lagos,,,openstreetmap,Not Contacted,,"Hi Marcelino'S Pastry Shop 👋

I noticed your restaurant doesn't have a website yet.

I built this demo for a Lagos restaurant:
👉 https://labella-lagos.netlify.app

I can build something like this for you — with your menu, your photos, and an online booking system.

Ready in 3 weeks. Interested?"
48,❄️ Cold,Basilico Italian,,Restaurant,Lagos,,,openstreetmap,Not Contacted,,"Hi Basilico Italian 👋

I noticed your restaurant doesn't have a website yet.

I built this demo for a Lagos restaurant:
👉 https://labella-lagos.netlify.app

I can build something like this for you — with your menu, your photos, and an online booking system.

Ready in 3 weeks. Interested?"
49,❄️ Cold,La Veranda,,Restaurant,Lagos,,,openstreetmap,Not Contacted,,"Hi La Veranda 👋

I noticed your restaurant doesn't have a website yet.

I built this demo for a Lagos restaurant:
👉 https://labella-lagos.netlify.app

I can build something like this for you — with your menu, your photos, and an online booking system.

Ready in 3 weeks. Interested?"
50,❄️ Cold,Amazon Spur Steak Ranch,,Restaurant,Lagos,,,openstreetmap,Not Contacted,,"Hi Amazon Spur Steak Ranch 👋

I noticed your restaurant doesn't have a website yet.

I built this demo for a Lagos restaurant:
👉 https://labella-lagos.netlify.app

I can build something like this for you — with your menu, your photos, and an online booking system.

Ready in 3 weeks. Interested?"
51,❄️ Cold,Voyage Restaurant,,Restaurant,Lagos,,,openstreetmap,Not Contacted,,"Hi Voyage Restaurant 👋

I noticed your restaurant doesn't have a website yet.

I built this demo for a Lagos restaurant:
👉 https://labella-lagos.netlify.app

I can build something like this for you — with your menu, your photos, and an online booking system.

Ready in 3 weeks. Interested?"
52,❄️ Cold,Yin Yang Express,,Fast Food,Lagos,,,openstreetmap,Not Contacted,,"Hi Yin Yang Express 👋

I noticed your restaurant doesn't have a website yet.

I built this demo for a Lagos restaurant:
👉 https://labella-lagos.netlify.app

I can build something like this for you — with your menu, your photos, and an online booking system.

Ready in 3 weeks. Interested?"
53,❄️ Cold,Fab Juice Bar,,Fast Food,Lagos,,,openstreetmap,Not Contacted,,"Hi Fab Juice Bar 👋

I noticed your restaurant doesn't have a website yet.

I built this demo for a Lagos restaurant:
👉 https://labella-lagos.netlify.app

I can build something like this for you — with your menu, your photos, and an online booking system.

Ready in 3 weeks. Interested?"
54,❄️ Cold,Cafe Neo @ Landmark,,Café,Lagos,,,openstreetmap,Not Contacted,,"Hi Cafe Neo @ Landmark 👋

I noticed your restaurant doesn't have a website yet.

I built this demo for a Lagos restaurant:
👉 https://labella-lagos.netlify.app

I can build something like this for you — with your menu, your photos, and an online booking system.

Ready in 3 weeks. Interested?"
55,❄️ Cold,Cafè Neo @ Fourteen36,,Café,Lagos,,,openstreetmap,Not Contacted,,"Hi Cafè Neo @ Fourteen36 👋

I noticed your restaurant doesn't have a website yet.

I built this demo for a Lagos restaurant:
👉 https://labella-lagos.netlify.app

I can build something like this for you — with your menu, your photos, and an online booking system.

Ready in 3 weeks. Interested?"
56,❄️ Cold,Spice Bowl,,Restaurant,Lagos,,,openstreetmap,Not Contacted,,"Hi Spice Bowl 👋

I noticed your restaurant doesn't have a website yet.

I built this demo for a Lagos restaurant:
👉 https://labella-lagos.netlify.app

I can build something like this for you — with your menu, your photos, and an online booking system.

Ready in 3 weeks. Interested?"
57,❄️ Cold,Hotpot,,Restaurant,Lagos,,,openstreetmap,Not Contacted,,"Hi Hotpot 👋

I noticed your restaurant doesn't have a website yet.

I built this demo for a Lagos restaurant:
👉 https://labella-lagos.netlify.app

I can build something like this for you — with your menu, your photos, and an online booking system.

Ready in 3 weeks. Interested?"
58,❄️ Cold,Soho Restaurant,,Restaurant,Lagos,,,openstreetmap,Not Contacted,,"Hi Soho Restaurant 👋

I noticed your restaurant doesn't have a website yet.

I built this demo for a Lagos restaurant:
👉 https://labella-lagos.netlify.app

I can build something like this for you — with your menu, your photos, and an online booking system.

Ready in 3 weeks. Interested?"
59,❄️ Cold,Milano Restaurant,,Restaurant,Lagos,,,openstreetmap,Not Contacted,,"Hi Milano Restaurant 👋

I noticed your restaurant doesn't have a website yet.

I built this demo for a Lagos restaurant:
👉 https://labella-lagos.netlify.app

I can build something like this for you — with your menu, your photos, and an online booking system.

Ready in 3 weeks. Interested?"
60,❄️ Cold,Da Vinci Bar & Restaurant,,Restaurant,Lagos,,,openstreetmap,Not Contacted,,"Hi Da Vinci Bar & Restaurant 👋

I noticed your restaurant doesn't have a website yet.

I built this demo for a Lagos restaurant:
👉 https://labella-lagos.netlify.app

I can build something like this for you — with your menu, your photos, and an online booking system.

Ready in 3 weeks. Interested?"
61,❄️ Cold,The Grill Room,,Restaurant,Lagos,,,openstreetmap,Not Contacted,,"Hi The Grill Room 👋

I noticed your restaurant doesn't have a website yet.

I built this demo for a Lagos restaurant:
👉 https://labella-lagos.netlify.app

I can build something like this for you — with your menu, your photos, and an online booking system.

Ready in 3 weeks. Interested?"
62,❄️ Cold,Saraya Deli,,Restaurant,Lagos,,,openstreetmap,Not Contacted,,"Hi Saraya Deli 👋

I noticed your restaurant doesn't have a website yet.

I built this demo for a Lagos restaurant:
👉 https://labella-lagos.netlify.app

I can build something like this for you — with your menu, your photos, and an online booking system.

Ready in 3 weeks. Interested?"
63,❄️ Cold,La Giara Restaurant,,Restaurant,Lagos,,,openstreetmap,Not Contacted,,"Hi La Giara Restaurant 👋

I noticed your restaurant doesn't have a website yet.

I built this demo for a Lagos restaurant:
👉 https://labella-lagos.netlify.app

I can build something like this for you — with your menu, your photos, and an online booking system.

Ready in 3 weeks. Interested?"
64,❄️ Cold,Cut Steakhouse,,Restaurant,Lagos,,,openstreetmap,Not Contacted,,"Hi Cut Steakhouse 👋

I noticed your restaurant doesn't have a website yet.

I built this demo for a Lagos restaurant:
👉 https://labella-lagos.netlify.app

I can build something like this for you — with your menu, your photos, and an online booking system.

Ready in 3 weeks. Interested?"
65,❄️ Cold,Iyeru Okin,,Restaurant,Lagos,,,openstreetmap,Not Contacted,,"Hi Iyeru Okin 👋

I noticed your restaurant doesn't have a website yet.

I built this demo for a Lagos restaurant:
👉 https://labella-lagos.netlify.app

I can build something like this for you — with your menu, your photos, and an online booking system.

Ready in 3 weeks. Interested?"
66,❄️ Cold,Choco-Latte,,Café,Lagos,,,openstreetmap,Not Contacted,,"Hi Choco-Latte 👋

I noticed your restaurant doesn't have a website yet.

I built this demo for a Lagos restaurant:
👉 https://labella-lagos.netlify.app

I can build something like this for you — with your menu, your photos, and an online booking system.

Ready in 3 weeks. Interested?"
67,❄️ Cold,Bonjour Bakery,,Restaurant,Lagos,,,openstreetmap,Not Contacted,,"Hi Bonjour Bakery 👋

I noticed your restaurant doesn't have a website yet.

I built this demo for a Lagos restaurant:
👉 https://labella-lagos.netlify.app

I can build something like this for you — with your menu, your photos, and an online booking system.

Ready in 3 weeks. Interested?"
68,❄️ Cold,88,,Restaurant,Lagos,,,openstreetmap,Not Contacted,,"Hi 88 👋

I noticed your restaurant doesn't have a website yet.

I built this demo for a Lagos restaurant:
👉 https://labella-lagos.netlify.app

I can build something like this for you — with your menu, your photos, and an online booking system.

Ready in 3 weeks. Interested?"
69,❄️ Cold,Lobby Café,,Café,Lagos,,,openstreetmap,Not Contacted,,"Hi Lobby Café 👋

I noticed your restaurant doesn't have a website yet.

I built this demo for a Lagos restaurant:
👉 https://labella-lagos.netlify.app

I can build something like this for you — with your menu, your photos, and an online booking system.

Ready in 3 weeks. Interested?"
70,❄️ Cold,Debonairs Pizza,,Fast Food,Lagos,,,openstreetmap,Not Contacted,,"Hi Debonairs Pizza 👋

I noticed your restaurant doesn't have a website yet.

I built this demo for a Lagos restaurant:
👉 https://labella-lagos.netlify.app

I can build something like this for you — with your menu, your photos, and an online booking system.

Ready in 3 weeks. Interested?"
71,❄️ Cold,Harzoyka Restaurant,,Restaurant,"Oduduwa Cresent, Lagos",,,openstreetmap,Not Contacted,,"Hi Harzoyka Restaurant 👋

I noticed your restaurant doesn't have a website yet.

I built this demo for a Lagos restaurant:
👉 https://labella-lagos.netlify.app

I can build something like this for you — with your menu, your photos, and an online booking system.

Ready in 3 weeks. Interested?"
72,❄️ Cold,Bistro 7 Express,,Fast Food,Lagos,,,openstreetmap,Not Contacted,,"Hi Bistro 7 Express 👋

I noticed your restaurant doesn't have a website yet.

I built this demo for a Lagos restaurant:
👉 https://labella-lagos.netlify.app

I can build something like this for you — with your menu, your photos, and an online booking system.

Ready in 3 weeks. Interested?"
73,❄️ Cold,Schwarma Co,,Fast Food,Lagos,,,openstreetmap,Not Contacted,,"Hi Schwarma Co 👋

I noticed your restaurant doesn't have a website yet.

I built this demo for a Lagos restaurant:
👉 https://labella-lagos.netlify.app

I can build something like this for you — with your menu, your photos, and an online booking system.

Ready in 3 weeks. Interested?"
74,❄️ Cold,Sherlaton,,Restaurant,Lagos,,,openstreetmap,Not Contacted,,"Hi Sherlaton 👋

I noticed your restaurant doesn't have a website yet.

I built this demo for a Lagos restaurant:
👉 https://labella-lagos.netlify.app

I can build something like this for you — with your menu, your photos, and an online booking system.

Ready in 3 weeks. Interested?"
75,❄️ Cold,My Coffee House,,Café,Lagos,,,openstreetmap,Not Contacted,,"Hi My Coffee House 👋

I noticed your restaurant doesn't have a website yet.

I built this demo for a Lagos restaurant:
👉 https://labella-lagos.netlify.app

I can build something like this for you — with your menu, your photos, and an online booking system.

Ready in 3 weeks. Interested?"
76,❄️ Cold,Krispy Kreme,,Café,Lagos,,,openstreetmap,Not Contacted,,"Hi Krispy Kreme 👋

I noticed your restaurant doesn't have a website yet.

I built this demo for a Lagos restaurant:
👉 https://labella-lagos.netlify.app

I can build something like this for you — with your menu, your photos, and an online booking system.

Ready in 3 weeks. Interested?"
77,❄️ Cold,Shawarma & Co,,Fast Food,Lagos,,,openstreetmap,Not Contacted,,"Hi Shawarma & Co 👋

I noticed your restaurant doesn't have a website yet.

I built this demo for a Lagos restaurant:
👉 https://labella-lagos.netlify.app

I can build something like this for you — with your menu, your photos, and an online booking system.

Ready in 3 weeks. Interested?"
78,❄️ Cold,Mugg & Bean,,Café,Lagos,,,openstreetmap,Not Contacted,,"Hi Mugg & Bean 👋

I noticed your restaurant doesn't have a website yet.

I built this demo for a Lagos restaurant:
👉 https://labella-lagos.netlify.app

I can build something like this for you — with your menu, your photos, and an online booking system.

Ready in 3 weeks. Interested?"
79,❄️ Cold,Casper & Gambini'S,,Restaurant,Lagos,,,openstreetmap,Not Contacted,,"Hi Casper & Gambini'S 👋

I noticed your restaurant doesn't have a website yet.

I built this demo for a Lagos restaurant:
👉 https://labella-lagos.netlify.app

I can build something like this for you — with your menu, your photos, and an online booking system.

Ready in 3 weeks. Interested?"
80,❄️ Cold,Marco Polo Express,,Restaurant,Lagos,,,openstreetmap,Not Contacted,,"Hi Marco Polo Express 👋

I noticed your restaurant doesn't have a website yet.

I built this demo for a Lagos restaurant:
👉 https://labella-lagos.netlify.app

I can build something like this for you — with your menu, your photos, and an online booking system.

Ready in 3 weeks. Interested?"
81,❄️ Cold,Papaz,,Restaurant,Lagos,,,openstreetmap,Not Contacted,,"Hi Papaz 👋

I noticed your restaurant doesn't have a website yet.

I built this demo for a Lagos restaurant:
👉 https://labella-lagos.netlify.app

I can build something like this for you — with your menu, your photos, and an online booking system.

Ready in 3 weeks. Interested?"
82,❄️ Cold,Peppercorn Avenue,,Restaurant,Lagos,,,openstreetmap,Not Contacted,,"Hi Peppercorn Avenue 👋

I noticed your restaurant doesn't have a website yet.

I built this demo for a Lagos restaurant:
👉 https://labella-lagos.netlify.app

I can build something like this for you — with your menu, your photos, and an online booking system.

Ready in 3 weeks. Interested?"
83,❄️ Cold,Cafe Neo,,Café,"11, Commercial Avenue, Lagos",,,openstreetmap,Not Contacted,,"Hi Cafe Neo 👋

I noticed your restaurant doesn't have a website yet.

I built this demo for a Lagos restaurant:
👉 https://labella-lagos.netlify.app

I can build something like this for you — with your menu, your photos, and an online booking system.

Ready in 3 weeks. Interested?"
84,❄️ Cold,B.L. Restaurant,,Restaurant,Lagos,,,openstreetmap,Not Contacted,,"Hi B.L. Restaurant 👋

I noticed your restaurant doesn't have a website yet.

I built this demo for a Lagos restaurant:
👉 https://labella-lagos.netlify.app

I can build something like this for you — with your menu, your photos, and an online booking system.

Ready in 3 weeks. Interested?"
85,❄️ Cold,Kingston Joe,,Restaurant,Lagos,,,openstreetmap,Not Contacted,,"Hi Kingston Joe 👋

I noticed your restaurant doesn't have a website yet.

I built this demo for a Lagos restaurant:
👉 https://labella-lagos.netlify.app

I can build something like this for you — with your menu, your photos, and an online booking system.

Ready in 3 weeks. Interested?"
86,❄️ Cold,Pumpkin Leaf,,Restaurant,Lagos,,,openstreetmap,Not Contacted,,"Hi Pumpkin Leaf 👋

I noticed your restaurant doesn't have a website yet.

I built this demo for a Lagos restaurant:
👉 https://labella-lagos.netlify.app

I can build something like this for you — with your menu, your photos, and an online booking system.

Ready in 3 weeks. Interested?"
87,❄️ Cold,Pizza Hut,,Restaurant,Lagos,,,openstreetmap,Not Contacted,,"Hi Pizza Hut 👋

I noticed your restaurant doesn't have a website yet.

I built this demo for a Lagos restaurant:
👉 https://labella-lagos.netlify.app

I can build something like this for you — with your menu, your photos, and an online booking system.

Ready in 3 weeks. Interested?"
88,❄️ Cold,Mr Bigg'S,,Fast Food,Lagos,,,openstreetmap,Not Contacted,,"Hi Mr Bigg'S 👋

I noticed your restaurant doesn't have a website yet.

I built this demo for a Lagos restaurant:
👉 https://labella-lagos.netlify.app

I can build something like this for you — with your menu, your photos, and an online booking system.

Ready in 3 weeks. Interested?"
89,❄️ Cold,Palmtree Bakery Services,,Bakery,Lagos,,,openstreetmap,Not Contacted,,"Hi Palmtree Bakery Services 👋

I noticed your restaurant doesn't have a website yet.

I built this demo for a Lagos restaurant:
👉 https://labella-lagos.netlify.app

I can build something like this for you — with your menu, your photos, and an online booking system.

Ready in 3 weeks. Interested?"
90,❄️ Cold,Ita Baale,,Fast Food,"Raimi Street, Lagos",,,openstreetmap,Not Contacted,,"Hi Ita Baale 👋

I noticed your restaurant doesn't have a website yet.

I built this demo for a Lagos restaurant:
👉 https://labella-lagos.netlify.app

I can build something like this for you — with your menu, your photos, and an online booking system.

Ready in 3 weeks. Interested?"
91,❄️ Cold,Tastee,,Fast Food,Lagos,,,openstreetmap,Not Contacted,,"Hi Tastee 👋

I noticed your restaurant doesn't have a website yet.

I built this demo for a Lagos restaurant:
👉 https://labella-lagos.netlify.app

I can build something like this for you — with your menu, your photos, and an online booking system.

Ready in 3 weeks. Interested?"
92,❄️ Cold,Tantataste,,Fast Food,Lagos,,,openstreetmap,Not Contacted,,"Hi Tantataste 👋

I noticed your restaurant doesn't have a website yet.

I built this demo for a Lagos restaurant:
👉 https://labella-lagos.netlify.app

I can build something like this for you — with your menu, your photos, and an online booking system.

Ready in 3 weeks. Interested?"
93,❄️ Cold,Stories Lagos,,Restaurant,"19, Da-Silva Street, Lagos",,,openstreetmap,Not Contacted,,"Hi Stories Lagos 👋

I noticed your restaurant doesn't have a website yet.

I built this demo for a Lagos restaurant:
👉 https://labella-lagos.netlify.app

I can build something like this for you — with your menu, your photos, and an online booking system.

Ready in 3 weeks. Interested?"
94,❄️ Cold,Lkc,,Fast Food,Lagos,,,openstreetmap,Not Contacted,,"Hi Lkc 👋

I noticed your restaurant doesn't have a website yet.

I built this demo for a Lagos restaurant:
👉 https://labella-lagos.netlify.app

I can build something like this for you — with your menu, your photos, and an online booking system.

Ready in 3 weeks. Interested?"
95,❄️ Cold,Food House,,Restaurant,Lagos,,,openstreetmap,Not Contacted,,"Hi Food House 👋

I noticed your restaurant doesn't have a website yet.

I built this demo for a Lagos restaurant:
👉 https://labella-lagos.netlify.app

I can build something like this for you — with your menu, your photos, and an online booking system.

Ready in 3 weeks. Interested?"
96,❄️ Cold,Lagos Tea House,,Café,Lagos,,,openstreetmap,Not Contacted,,"Hi Lagos Tea House 👋

I noticed your restaurant doesn't have a website yet.

I built this demo for a Lagos restaurant:
👉 https://labella-lagos.netlify.app

I can build something like this for you — with your menu, your photos, and an online booking system.

Ready in 3 weeks. Interested?"
97,❄️ Cold,Chicken King,,Restaurant,Lagos,,,openstreetmap,Not Contacted,,"Hi Chicken King 👋

I noticed your restaurant doesn't have a website yet.

I built this demo for a Lagos restaurant:
👉 https://labella-lagos.netlify.app

I can build something like this for you — with your menu, your photos, and an online booking system.

Ready in 3 weeks. Interested?"
98,❄️ Cold,Delis Coffee Shop,,Restaurant,Lagos,,,openstreetmap,Not Contacted,,"Hi Delis Coffee Shop 👋

I noticed your restaurant doesn't have a website yet.

I built this demo for a Lagos restaurant:
👉 https://labella-lagos.netlify.app

I can build something like this for you — with your menu, your photos, and an online booking system.

Ready in 3 weeks. Interested?"
99,❄️ Cold,Craft Gourmet,,Restaurant,Lagos,,,openstreetmap,Not Contacted,,"Hi Craft Gourmet 👋

I noticed your restaurant doesn't have a website yet.

I built this demo for a Lagos restaurant:
👉 https://labella-lagos.netlify.app

I can build something like this for you — with your menu, your photos, and an online booking system.

Ready in 3 weeks. Interested?"
100,❄️ Cold,La Brioche,,Restaurant,Lagos,,,openstreetmap,Not Contacted,,"Hi La Brioche 👋

I noticed your restaurant doesn't have a website yet.

I built this demo for a Lagos restaurant:
👉 https://labella-lagos.netlify.app

I can build something like this for you — with your menu, your photos, and an online booking system.

Ready in 3 weeks. Interested?"
101,❄️ Cold,Domino’S Pizza,,Fast Food,Lagos,,,openstreetmap,Not Contacted,,"Hi Domino’S Pizza 👋

I noticed your restaurant doesn't have a website yet.

I built this demo for a Lagos restaurant:
👉 https://labella-lagos.netlify.app

I can build something like this for you — with your menu, your photos, and an online booking system.

Ready in 3 weeks. Interested?"
102,❄️ Cold,Pandix Hub,,Fast Food,Lagos,,,openstreetmap,Not Contacted,,"Hi Pandix Hub 👋

I noticed your restaurant doesn't have a website yet.

I built this demo for a Lagos restaurant:
👉 https://labella-lagos.netlify.app

I can build something like this for you — with your menu, your photos, and an online booking system.

Ready in 3 weeks. Interested?"
103,❄️ Cold,Miss_Ini_Spicy,,Restaurant,Lagos,,,openstreetmap,Not Contacted,,"Hi Miss_Ini_Spicy 👋

I noticed your restaurant doesn't have a website yet.

I built this demo for a Lagos restaurant:
👉 https://labella-lagos.netlify.app

I can build something like this for you — with your menu, your photos, and an online booking system.

Ready in 3 weeks. Interested?"
104,❄️ Cold,Mama Vero,,Restaurant,Lagos,,,openstreetmap,Not Contacted,,"Hi Mama Vero 👋

I noticed your restaurant doesn't have a website yet.

I built this demo for a Lagos restaurant:
👉 https://labella-lagos.netlify.app

I can build something like this for you — with your menu, your photos, and an online booking system.

Ready in 3 weeks. Interested?"
105,❄️ Cold,Sapphire Taste,,Restaurant,Lagos,,,openstreetmap,Not Contacted,,"Hi Sapphire Taste 👋

I noticed your restaurant doesn't have a website yet.

I built this demo for a Lagos restaurant:
👉 https://labella-lagos.netlify.app

I can build something like this for you — with your menu, your photos, and an online booking system.

Ready in 3 weeks. Interested?"
106,❄️ Cold,Wolewajeun,,Restaurant,Lagos,,,openstreetmap,Not Contacted,,"Hi Wolewajeun 👋

I noticed your restaurant doesn't have a website yet.

I built this demo for a Lagos restaurant:
👉 https://labella-lagos.netlify.app

I can build something like this for you — with your menu, your photos, and an online booking system.

Ready in 3 weeks. Interested?"
107,❄️ Cold,Burger King,,Fast Food,Lagos,,,openstreetmap,Not Contacted,,"Hi Burger King 👋

I noticed your restaurant doesn't have a website yet.

I built this demo for a Lagos restaurant:
👉 https://labella-lagos.netlify.app

I can build something like this for you — with your menu, your photos, and an online booking system.

Ready in 3 weeks. Interested?"
108,❄️ Cold,Sumptuous Eatery & Mini Restaurant,,Restaurant,Lagos,,,openstreetmap,Not Contacted,,"Hi Sumptuous Eatery & Mini Restaurant 👋

I noticed your restaurant doesn't have a website yet.

I built this demo for a Lagos restaurant:
👉 https://labella-lagos.netlify.app

I can build something like this for you — with your menu, your photos, and an online booking system.

Ready in 3 weeks. Interested?"
109,❄️ Cold,Mama T Food Canteen,,Restaurant,Lagos,,,openstreetmap,Not Contacted,,"Hi Mama T Food Canteen 👋

I noticed your restaurant doesn't have a website yet.

I built this demo for a Lagos restaurant:
👉 https://labella-lagos.netlify.app

I can build something like this for you — with your menu, your photos, and an online booking system.

Ready in 3 weeks. Interested?"
110,❄️ Cold,"D,Dots",,Restaurant,Lagos,,,openstreetmap,Not Contacted,,"Hi D,Dots 👋

I noticed your restaurant doesn't have a website yet.

I built this demo for a Lagos restaurant:
👉 https://labella-lagos.netlify.app

I can build something like this for you — with your menu, your photos, and an online booking system.

Ready in 3 weeks. Interested?"
111,❄️ Cold,Olori Enny,,Restaurant,Lagos,,,openstreetmap,Not Contacted,,"Hi Olori Enny 👋

I noticed your restaurant doesn't have a website yet.

I built this demo for a Lagos restaurant:
👉 https://labella-lagos.netlify.app

I can build something like this for you — with your menu, your photos, and an online booking system.

Ready in 3 weeks. Interested?"
112,❄️ Cold,Mini Delight,,Restaurant,Lagos,,,openstreetmap,Not Contacted,,"Hi Mini Delight 👋

I noticed your restaurant doesn't have a website yet.

I built this demo for a Lagos restaurant:
👉 https://labella-lagos.netlify.app

I can build something like this for you — with your menu, your photos, and an online booking system.

Ready in 3 weeks. Interested?"
113,❄️ Cold,Naina Food Canteen,,Restaurant,Lagos,,,openstreetmap,Not Contacted,,"Hi Naina Food Canteen 👋

I noticed your restaurant doesn't have a website yet.

I built this demo for a Lagos restaurant:
👉 https://labella-lagos.netlify.app

I can build something like this for you — with your menu, your photos, and an online booking system.

Ready in 3 weeks. Interested?"
114,❄️ Cold,Temptation Fast_Food,,Restaurant,Lagos,,,openstreetmap,Not Contacted,,"Hi Temptation Fast_Food 👋

I noticed your restaurant doesn't have a website yet.

I built this demo for a Lagos restaurant:
👉 https://labella-lagos.netlify.app

I can build something like this for you — with your menu, your photos, and an online booking system.

Ready in 3 weeks. Interested?"
115,❄️ Cold,Spog,,Restaurant,Lagos,,,openstreetmap,Not Contacted,,"Hi Spog 👋

I noticed your restaurant doesn't have a website yet.

I built this demo for a Lagos restaurant:
👉 https://labella-lagos.netlify.app

I can build something like this for you — with your menu, your photos, and an online booking system.

Ready in 3 weeks. Interested?"
116,❄️ Cold,Delite Cravings,,Restaurant,Lagos,,,openstreetmap,Not Contacted,,"Hi Delite Cravings 👋

I noticed your restaurant doesn't have a website yet.

I built this demo for a Lagos restaurant:
👉 https://labella-lagos.netlify.app

I can build something like this for you — with your menu, your photos, and an online booking system.

Ready in 3 weeks. Interested?"
117,❄️ Cold,Manna Kitchen,,Restaurant,Lagos,,,openstreetmap,Not Contacted,,"Hi Manna Kitchen 👋

I noticed your restaurant doesn't have a website yet.

I built this demo for a Lagos restaurant:
👉 https://labella-lagos.netlify.app

I can build something like this for you — with your menu, your photos, and an online booking system.

Ready in 3 weeks. Interested?"
118,❄️ Cold,Amy,,Bakery,Lagos,,,openstreetmap,Not Contacted,,"Hi Amy 👋

I noticed your restaurant doesn't have a website yet.

I built this demo for a Lagos restaurant:
👉 https://labella-lagos.netlify.app

I can build something like this for you — with your menu, your photos, and an online booking system.

Ready in 3 weeks. Interested?"
119,❄️ Cold,Groda Confectionery,,Bakery,Lagos,,,openstreetmap,Not Contacted,,"Hi Groda Confectionery 👋

I noticed your restaurant doesn't have a website yet.

I built this demo for a Lagos restaurant:
👉 https://labella-lagos.netlify.app

I can build something like this for you — with your menu, your photos, and an online booking system.

Ready in 3 weeks. Interested?"
120,❄️ Cold,Labico Bakery,,Bakery,Lagos,,,openstreetmap,Not Contacted,,"Hi Labico Bakery 👋

I noticed your restaurant doesn't have a website yet.

I built this demo for a Lagos restaurant:
👉 https://labella-lagos.netlify.app

I can build something like this for you — with your menu, your photos, and an online booking system.

Ready in 3 weeks. Interested?"
121,❄️ Cold,Yamoriah,,Restaurant,"University Road, Lagos",,,openstreetmap,Not Contacted,,"Hi Yamoriah 👋

I noticed your restaurant doesn't have a website yet.

I built this demo for a Lagos restaurant:
👉 https://labella-lagos.netlify.app

I can build something like this for you — with your menu, your photos, and an online booking system.

Ready in 3 weeks. Interested?"
122,❄️ Cold,Goodies,,Restaurant,Lagos,,,openstreetmap,Not Contacted,,"Hi Goodies 👋

I noticed your restaurant doesn't have a website yet.

I built this demo for a Lagos restaurant:
👉 https://labella-lagos.netlify.app

I can build something like this for you — with your menu, your photos, and an online booking system.

Ready in 3 weeks. Interested?"
123,❄️ Cold,Hard Rock Cafe,,Restaurant,"3/4, Water Corporation Road, Lagos",,,openstreetmap,Not Contacted,,"Hi Hard Rock Cafe 👋

I noticed your restaurant doesn't have a website yet.

I built this demo for a Lagos restaurant:
👉 https://labella-lagos.netlify.app

I can build something like this for you — with your menu, your photos, and an online booking system.

Ready in 3 weeks. Interested?"
124,❄️ Cold,Shiro,,Restaurant,"4, Water Corporation Road, Lagos",,,openstreetmap,Not Contacted,,"Hi Shiro 👋

I noticed your restaurant doesn't have a website yet.

I built this demo for a Lagos restaurant:
👉 https://labella-lagos.netlify.app

I can build something like this for you — with your menu, your photos, and an online booking system.

Ready in 3 weeks. Interested?"
125,❄️ Cold,Johnny Rockets,,Restaurant,Lagos,,,openstreetmap,Not Contacted,,"Hi Johnny Rockets 👋

I noticed your restaurant doesn't have a website yet.

I built this demo for a Lagos restaurant:
👉 https://labella-lagos.netlify.app

I can build something like this for you — with your menu, your photos, and an online booking system.

Ready in 3 weeks. Interested?"
126,❄️ Cold,Churrasco,,Restaurant,Lagos,,,openstreetmap,Not Contacted,,"Hi Churrasco 👋

I noticed your restaurant doesn't have a website yet.

I built this demo for a Lagos restaurant:
👉 https://labella-lagos.netlify.app

I can build something like this for you — with your menu, your photos, and an online booking system.

Ready in 3 weeks. Interested?"
127,❄️ Cold,Fusion,,Restaurant,Lagos,,,openstreetmap,Not Contacted,,"Hi Fusion 👋

I noticed your restaurant doesn't have a website yet.

I built this demo for a Lagos restaurant:
👉 https://labella-lagos.netlify.app

I can build something like this for you — with your menu, your photos, and an online booking system.

Ready in 3 weeks. Interested?"
128,❄️ Cold,Cafè Neo @ Cre8,,Café,Lagos,,,openstreetmap,Not Contacted,,"Hi Cafè Neo @ Cre8 👋

I noticed your restaurant doesn't have a website yet.

I built this demo for a Lagos restaurant:
👉 https://labella-lagos.netlify.app

I can build something like this for you — with your menu, your photos, and an online booking system.

Ready in 3 weeks. Interested?"
129,❄️ Cold,Nigerian Law School Cafeteria,,Restaurant,Lagos,,,openstreetmap,Not Contacted,,"Hi Nigerian Law School Cafeteria 👋

I noticed your restaurant doesn't have a website yet.

I built this demo for a Lagos restaurant:
👉 https://labella-lagos.netlify.app

I can build something like this for you — with your menu, your photos, and an online booking system.

Ready in 3 weeks. Interested?"
130,❄️ Cold,Casa Lydia Restaurant,,Restaurant,Lagos,,,openstreetmap,Not Contacted,,"Hi Casa Lydia Restaurant 👋

I noticed your restaurant doesn't have a website yet.

I built this demo for a Lagos restaurant:
👉 https://labella-lagos.netlify.app

I can build something like this for you — with your menu, your photos, and an online booking system.

Ready in 3 weeks. Interested?"
131,❄️ Cold,Pizza-Riah,,Restaurant,"13, Musa Yardua Street, Lagos",,,openstreetmap,Not Contacted,,"Hi Pizza-Riah 👋

I noticed your restaurant doesn't have a website yet.

I built this demo for a Lagos restaurant:
👉 https://labella-lagos.netlify.app

I can build something like this for you — with your menu, your photos, and an online booking system.

Ready in 3 weeks. Interested?"
132,❄️ Cold,Crust And Cream,,Restaurant,Lagos,,,openstreetmap,Not Contacted,,"Hi Crust And Cream 👋

I noticed your restaurant doesn't have a website yet.

I built this demo for a Lagos restaurant:
👉 https://labella-lagos.netlify.app

I can build something like this for you — with your menu, your photos, and an online booking system.

Ready in 3 weeks. Interested?"
133,❄️ Cold,Bg Gardens,,Restaurant,Lagos,,,openstreetmap,Not Contacted,,"Hi Bg Gardens 👋

I noticed your restaurant doesn't have a website yet.

I built this demo for a Lagos restaurant:
👉 https://labella-lagos.netlify.app

I can build something like this for you — with your menu, your photos, and an online booking system.

Ready in 3 weeks. Interested?"
134,❄️ Cold,Zen Garden,,Restaurant,"60, Isaac John Street, Ikeja",,,openstreetmap,Not Contacted,,"Hi Zen Garden 👋

I noticed your restaurant doesn't have a website yet.

I built this demo for a Lagos restaurant:
👉 https://labella-lagos.netlify.app

I can build something like this for you — with your menu, your photos, and an online booking system.

Ready in 3 weeks. Interested?"
135,❄️ Cold,Chocolate Royale,,Restaurant,Lagos,,,openstreetmap,Not Contacted,,"Hi Chocolate Royale 👋

I noticed your restaurant doesn't have a website yet.

I built this demo for a Lagos restaurant:
👉 https://labella-lagos.netlify.app

I can build something like this for you — with your menu, your photos, and an online booking system.

Ready in 3 weeks. Interested?"
136,❄️ Cold,Arabesque,,Restaurant,Lagos,,,openstreetmap,Not Contacted,,"Hi Arabesque 👋

I noticed your restaurant doesn't have a website yet.

I built this demo for a Lagos restaurant:
👉 https://labella-lagos.netlify.app

I can build something like this for you — with your menu, your photos, and an online booking system.

Ready in 3 weeks. Interested?"
137,❄️ Cold,Café Royal Lekki Peninsula,,Restaurant,Lagos,,,openstreetmap,Not Contacted,,"Hi Café Royal Lekki Peninsula 👋

I noticed your restaurant doesn't have a website yet.

I built this demo for a Lagos restaurant:
👉 https://labella-lagos.netlify.app

I can build something like this for you — with your menu, your photos, and an online booking system.

Ready in 3 weeks. Interested?"
138,❄️ Cold,South Eatery,,Restaurant,"92B, Younis Bashorun Street, Lagos",,,openstreetmap,Not Contacted,,"Hi South Eatery 👋

I noticed your restaurant doesn't have a website yet.

I built this demo for a Lagos restaurant:
👉 https://labella-lagos.netlify.app

I can build something like this for you — with your menu, your photos, and an online booking system.

Ready in 3 weeks. Interested?"
139,❄️ Cold,Backyard Bar & Grill,,Restaurant,Lagos,,,openstreetmap,Not Contacted,,"Hi Backyard Bar & Grill 👋

I noticed your restaurant doesn't have a website yet.

I built this demo for a Lagos restaurant:
👉 https://labella-lagos.netlify.app

I can build something like this for you — with your menu, your photos, and an online booking system.

Ready in 3 weeks. Interested?"
140,❄️ Cold,The House Café,,Restaurant,Lagos,,,openstreetmap,Not Contacted,,"Hi The House Café 👋

I noticed your restaurant doesn't have a website yet.

I built this demo for a Lagos restaurant:
👉 https://labella-lagos.netlify.app

I can build something like this for you — with your menu, your photos, and an online booking system.

Ready in 3 weeks. Interested?"
141,❄️ Cold,La Taverna,,Restaurant,Lagos,,,openstreetmap,Not Contacted,,"Hi La Taverna 👋

I noticed your restaurant doesn't have a website yet.

I built this demo for a Lagos restaurant:
👉 https://labella-lagos.netlify.app

I can build something like this for you — with your menu, your photos, and an online booking system.

Ready in 3 weeks. Interested?"
142,❄️ Cold,Orchid House,,Restaurant,"32, Gafari Animashaun Street, Lagos",,,openstreetmap,Not Contacted,,"Hi Orchid House 👋

I noticed your restaurant doesn't have a website yet.

I built this demo for a Lagos restaurant:
👉 https://labella-lagos.netlify.app

I can build something like this for you — with your menu, your photos, and an online booking system.

Ready in 3 weeks. Interested?"
143,❄️ Cold,Iya Eba,,Restaurant,"14, Berkley Street, Lagos",,,openstreetmap,Not Contacted,,"Hi Iya Eba 👋

I noticed your restaurant doesn't have a website yet.

I built this demo for a Lagos restaurant:
👉 https://labella-lagos.netlify.app

I can build something like this for you — with your menu, your photos, and an online booking system.

Ready in 3 weeks. Interested?"
144,❄️ Cold,Iya Adura,,Restaurant,Lagos,,,openstreetmap,Not Contacted,,"Hi Iya Adura 👋

I noticed your restaurant doesn't have a website yet.

I built this demo for a Lagos restaurant:
👉 https://labella-lagos.netlify.app

I can build something like this for you — with your menu, your photos, and an online booking system.

Ready in 3 weeks. Interested?"
145,❄️ Cold,Syrian Club,,Restaurant,"Ribadu Road, Lagos Island",,,openstreetmap,Not Contacted,,"Hi Syrian Club 👋

I noticed your restaurant doesn't have a website yet.

I built this demo for a Lagos restaurant:
👉 https://labella-lagos.netlify.app

I can build something like this for you — with your menu, your photos, and an online booking system.

Ready in 3 weeks. Interested?"
146,❄️ Cold,Balo'S Place,,Restaurant,"10, Berkley Street, Lagos",,,openstreetmap,Not Contacted,,"Hi Balo'S Place 👋

I noticed your restaurant doesn't have a website yet.

I built this demo for a Lagos restaurant:
👉 https://labella-lagos.netlify.app

I can build something like this for you — with your menu, your photos, and an online booking system.

Ready in 3 weeks. Interested?"
